{
	"description" : "HW2", 
	"num_questions": 6,
	"hw_id_list" : ["hw2a", "hw2b", "hw2c", "hw2d", "hw2e", "hw2f"],
	
	"test_cases":
	[
		{
			"hw_id" : "hw1a", 
			"num_tests" : 1, 
			
			"test_case":
			[
				{
					"input": "",
					"output": "char's memory size: 1 byte\nshort's memory size: 2 bytes\nfloat's memory size: 4 bytes\ndouble's memory size: 8 bytes"
				}
			]
		},
		
		{
			"hw_id" : "hw1b", 
			"num_tests" : 1, 
			"test_case":
			[
				{
					"input": "37",
					"output": "Please enter a Celsius temperature:\nFahrenheit temperature is 98.60."
				}
			]
		},
		
		{
			"hw_id" : "hw1c", 
			"num_tests" : 1, 
			"test_case":
			[
				{
					"input": "9/9/2018",
					"output": "Please enter a data (format: mm/dd/yyyy):\nyour input data is 20180909."
				}
			]
		},
		
		{
			"hw_id" : "hw1d", 
			"num_tests" : 1, 
			"test_case":
			[
				{
					"input": "x",
					"output": "Please enter a char:\nyour char is 'x', it ASCII code is 120."
				}
			]
		},
		
		{
			"hw_id" : "hw1e", 
			"num_tests" : 2, 
			"test_case":
			[
				{
					"input": "a",
					"output": "Please enter a char:\nThe uppercase char is A."
				},
				{
					"input": "X",
					"output": "Please enter a char:\nThe uppercase char is X."
				}
			]
		},
		
		{
			"hw_id" : "hw1f", 
			"num_tests" : 1, 
			"test_case":
			[
				{
					"input": "-10\n77\n-1",
					"output": "Please enter a number:\nThe number is even.\nPlease enter a number:\nThe number is odd.\nPlease enter a number:\n"
				}	
			]
		}
	
	]
}