{
	"description" : "HW3", 
	"num_questions": 6,
	"hw_id_list" : ["hw3a", "hw3b", "hw3c", "hw3d", "hw3e", "hw3f"],
	
	"test_cases":
	[
		{
			"hw_id" : "hw3a", 
			"num_tests" : 3, 
			
			"test_case":
			[
				{
					"input": "A(1,1) B(2,2)\n1",
					"output": "Please input Point A and Point B: \nPlease input Dist: \n>"
				},
				{
					"input": "A(8,5) B(4,2)\n5",
					"output": "Please input Point A and Point B: \nPlease input Dist: \n="
				},
				{
					"input": "A(1,1) B(2,2)\n2.1",
					"output": "Please input Point A and Point B: \nPlease input Dist: \n<"
				}
			]
		},
		
		{
			"hw_id" : "hw3b", 
			"num_tests" : 2, 
			"test_case":
			[
				{
					"input": "1234567890",
					"output": "Please input n: \n1 - 2 + 3 - 4 + 5 - 6 + 7 - 8 + 9 - 0 = 5"
				},
				{
					"input": "1122334455",
					"output": "Please input n: \n 1 - 1 + 2 - 2 + 3 - 3 + 4 - 4 + 5 - 5 = 0"
				}
			]
		},
		
		{
			"hw_id" : "hw3c", 
			"num_tests" : 2, 
			"test_case":
			[
				{
					"input": "147258369",
					"output": "Please input n: \n963852741"
				},
				{
					"input": "123456789",
					"output": "Please input n: \n987654321"
				}
			]
		},
		
		{
			"hw_id" : "hw3d", 
			"num_tests" : 2, 
			"test_case":
			[
				{
					"input": "10",
					"output": "Please input n: \n55"
				},
				{
					"input": "2",
					"output": "Please input n: \n1"
				}
			]
		},
		
		{
			"hw_id" : "hw3e", 
			"num_tests" : 2, 
			"test_case":
			[
				{
					"input": "1 2 3 4",
					"output": "Please input a b c d: \n3"
				},
				{
					"input": "4 3 2 1",
					"output": "Please input a b c d: \n9"
				}
			]
		},
		
		{
			"hw_id" : "hw3f", 
			"num_tests" : 2, 
			"test_case":
			[
				{
					"input": "9876543211",
					"output": "Please input n: \n1123456789"
				},
				{
					"input": "1234567899",
					"output": "Please input n: \noverflow"
				}
			]
		}
	
	]
}